{"RuleTriggered": 0, "Violations": 98, "Details": {"low_gpu_utilization": 620, "bottlenecks": {"1677813561.001039": {"GPUs": 1, "CPUs": 1}, "1677813561.500308": {"GPUs": 1, "CPUs": 2}, "1677813562.002347": {"GPUs": 1, "CPUs": 1}, "1677813562.50094": {"GPUs": 1, "CPUs": 1}, "1677813563.000992": {"GPUs": 1, "CPUs": 1}, "1677813563.501088": {"GPUs": 1, "CPUs": 1}, "1677813564.00142": {"GPUs": 1, "CPUs": 2}, "1677813564.502369": {"GPUs": 1, "CPUs": 3}, "1677813565.008184": {"GPUs": 1, "CPUs": 4}, "1677813566.000253": {"GPUs": 1, "CPUs": 3}, "1677813566.500255": {"GPUs": 1, "CPUs": 3}, "1677813567.001062": {"GPUs": 1, "CPUs": 4}, "1677813567.500309": {"GPUs": 1, "CPUs": 4}, "1677813568.001561": {"GPUs": 1, "CPUs": 3}, "1677813568.500275": {"GPUs": 1, "CPUs": 4}, "1677813569.000896": {"GPUs": 1, "CPUs": 4}, "1677813569.503462": {"GPUs": 1, "CPUs": 4}, "1677813570.000923": {"GPUs": 1, "CPUs": 1}, "1677813573.500497": {"GPUs": 1, "CPUs": 1}, "1677813574.000949": {"GPUs": 1, "CPUs": 3}, "1677813574.501016": {"GPUs": 1, "CPUs": 1}, "1677813577.500273": {"GPUs": 1, "CPUs": 1}, "1677813588.000738": {"GPUs": 1, "CPUs": 1}, "1677813589.001035": {"GPUs": 1, "CPUs": 1}, "1677813593.000254": {"GPUs": 1, "CPUs": 1}, "1677813598.500315": {"GPUs": 1, "CPUs": 1}, "1677813692.500211": {"GPUs": 1, "CPUs": 1}, "1677813699.000245": {"GPUs": 1, "CPUs": 1}, "1677813699.500807": {"GPUs": 1, "CPUs": 1}, "1677813700.000243": {"GPUs": 1, "CPUs": 1}, "1677813700.500242": {"GPUs": 1, "CPUs": 1}, "1677813701.000255": {"GPUs": 1, "CPUs": 1}, "1677813703.000255": {"GPUs": 1, "CPUs": 1}, "1677813705.500266": {"GPUs": 1, "CPUs": 1}, "1677813706.000257": {"GPUs": 1, "CPUs": 1}, "1677813708.500224": {"GPUs": 1, "CPUs": 1}, "1677813709.000731": {"GPUs": 1, "CPUs": 1}, "1677813711.500267": {"GPUs": 1, "CPUs": 1}, "1677813712.00025": {"GPUs": 1, "CPUs": 1}, "1677813716.500264": {"GPUs": 1, "CPUs": 1}, "1677813722.500282": {"GPUs": 1, "CPUs": 1}, "1677813723.000227": {"GPUs": 1, "CPUs": 1}, "1677813725.000255": {"GPUs": 1, "CPUs": 1}, "1677813726.500286": {"GPUs": 1, "CPUs": 1}, "1677813727.500258": {"GPUs": 1, "CPUs": 1}, "1677813732.500664": {"GPUs": 1, "CPUs": 1}, "1677813740.000249": {"GPUs": 1, "CPUs": 1}, "1677813743.000517": {"GPUs": 1, "CPUs": 1}, "1677813743.500276": {"GPUs": 1, "CPUs": 1}, "1677813791.500256": {"GPUs": 1, "CPUs": 1}, "1677813792.000925": {"GPUs": 1, "CPUs": 1}, "1677813792.50026": {"GPUs": 1, "CPUs": 1}, "1677813793.501016": {"GPUs": 1, "CPUs": 1}, "1677813794.000268": {"GPUs": 1, "CPUs": 1}, "1677813794.500274": {"GPUs": 1, "CPUs": 1}, "1677813795.000293": {"GPUs": 1, "CPUs": 1}, "1677813796.000303": {"GPUs": 1, "CPUs": 3}, "1677813815.50026": {"GPUs": 1, "CPUs": 1}, "1677813821.000263": {"GPUs": 1, "CPUs": 1}, "1677813821.500261": {"GPUs": 1, "CPUs": 1}, "1677813822.000247": {"GPUs": 1, "CPUs": 1}, "1677813822.500232": {"GPUs": 1, "CPUs": 1}, "1677813824.000304": {"GPUs": 1, "CPUs": 1}, "1677813825.500268": {"GPUs": 1, "CPUs": 1}, "1677813826.000241": {"GPUs": 1, "CPUs": 1}, "1677813841.501231": {"GPUs": 1, "CPUs": 1}, "1677813842.004899": {"GPUs": 1, "CPUs": 1}, "1677813843.000557": {"GPUs": 1, "CPUs": 1}, "1677813844.001133": {"GPUs": 1, "CPUs": 4}, "1677813845.500263": {"GPUs": 1, "CPUs": 3}, "1677813846.500277": {"GPUs": 1, "CPUs": 4}, "1677813848.001249": {"GPUs": 1, "CPUs": 1}, "1677813848.500258": {"GPUs": 1, "CPUs": 1}, "1677813849.500277": {"GPUs": 1, "CPUs": 1}, "1677813850.50026": {"GPUs": 1, "CPUs": 1}, "1677813851.500266": {"GPUs": 1, "CPUs": 1}, "1677813852.000342": {"GPUs": 1, "CPUs": 1}, "1677813852.500256": {"GPUs": 1, "CPUs": 1}, "1677813857.500263": {"GPUs": 1, "CPUs": 1}, "1677813859.000255": {"GPUs": 1, "CPUs": 1}, "1677813869.000254": {"GPUs": 1, "CPUs": 1}, "1677813872.50029": {"GPUs": 1, "CPUs": 1}, "1677813873.500279": {"GPUs": 1, "CPUs": 1}, "1677813874.000919": {"GPUs": 1, "CPUs": 1}, "1677813874.500879": {"GPUs": 1, "CPUs": 1}, "1677813875.000264": {"GPUs": 1, "CPUs": 1}, "1677813875.500293": {"GPUs": 1, "CPUs": 1}, "1677813877.000259": {"GPUs": 1, "CPUs": 1}, "1677813880.000268": {"GPUs": 1, "CPUs": 1}, "1677813881.000251": {"GPUs": 1, "CPUs": 1}, "1677813881.500256": {"GPUs": 1, "CPUs": 1}, "1677813882.50026": {"GPUs": 1, "CPUs": 1}, "1677813884.500288": {"GPUs": 1, "CPUs": 1}, "1677813885.500264": {"GPUs": 1, "CPUs": 1}, "1677813886.500265": {"GPUs": 1, "CPUs": 1}, "1677813888.000258": {"GPUs": 1, "CPUs": 1}, "1677813893.000781": {"GPUs": 1, "CPUs": 1}, "1677813897.50731": {"GPUs": 1, "CPUs": 1}}}, "Datapoints": 682, "RuleParameters": "threshold:50\ncpu_threshold:90\ngpu_threshold:10\npatience:1000"}