{"RuleTriggered": 0, "Violations": 91, "Details": {"low_gpu_utilization": 418, "bottlenecks": {"1678260180.001081": {"GPUs": 1, "CPUs": 2}, "1678260180.50042": {"GPUs": 1, "CPUs": 2}, "1678260181.500378": {"GPUs": 1, "CPUs": 2}, "1678260182.000375": {"GPUs": 1, "CPUs": 3}, "1678260182.500399": {"GPUs": 1, "CPUs": 1}, "1678260183.000354": {"GPUs": 1, "CPUs": 1}, "1678260183.50106": {"GPUs": 1, "CPUs": 1}, "1678260188.000675": {"GPUs": 1, "CPUs": 3}, "1678260188.501692": {"GPUs": 1, "CPUs": 4}, "1678260189.000854": {"GPUs": 1, "CPUs": 3}, "1678260189.500389": {"GPUs": 1, "CPUs": 3}, "1678260190.000392": {"GPUs": 1, "CPUs": 2}, "1678260190.503816": {"GPUs": 1, "CPUs": 1}, "1678260192.000368": {"GPUs": 1, "CPUs": 4}, "1678260192.500356": {"GPUs": 1, "CPUs": 1}, "1678260193.000355": {"GPUs": 1, "CPUs": 1}, "1678260193.50052": {"GPUs": 1, "CPUs": 1}, "1678260194.500343": {"GPUs": 1, "CPUs": 1}, "1678260198.500447": {"GPUs": 1, "CPUs": 1}, "1678260199.000366": {"GPUs": 1, "CPUs": 2}, "1678260199.500354": {"GPUs": 1, "CPUs": 1}, "1678260200.000366": {"GPUs": 1, "CPUs": 2}, "1678260200.50036": {"GPUs": 1, "CPUs": 1}, "1678260201.000373": {"GPUs": 1, "CPUs": 1}, "1678260202.50301": {"GPUs": 1, "CPUs": 1}, "1678260203.000352": {"GPUs": 1, "CPUs": 2}, "1678260205.501139": {"GPUs": 1, "CPUs": 1}, "1678260206.000678": {"GPUs": 1, "CPUs": 2}, "1678260206.50035": {"GPUs": 1, "CPUs": 2}, "1678260207.001117": {"GPUs": 1, "CPUs": 1}, "1678260210.00036": {"GPUs": 1, "CPUs": 1}, "1678260210.502228": {"GPUs": 1, "CPUs": 2}, "1678260212.501029": {"GPUs": 1, "CPUs": 1}, "1678260214.000349": {"GPUs": 1, "CPUs": 1}, "1678260214.502719": {"GPUs": 1, "CPUs": 1}, "1678260215.000365": {"GPUs": 1, "CPUs": 1}, "1678260218.002852": {"GPUs": 1, "CPUs": 2}, "1678260219.000838": {"GPUs": 1, "CPUs": 1}, "1678260220.500315": {"GPUs": 1, "CPUs": 1}, "1678260221.001315": {"GPUs": 1, "CPUs": 1}, "1678260223.000376": {"GPUs": 1, "CPUs": 1}, "1678260229.000378": {"GPUs": 1, "CPUs": 1}, "1678260230.000349": {"GPUs": 1, "CPUs": 1}, "1678260230.501108": {"GPUs": 1, "CPUs": 1}, "1678260234.500348": {"GPUs": 1, "CPUs": 1}, "1678260235.000314": {"GPUs": 1, "CPUs": 1}, "1678260246.000342": {"GPUs": 1, "CPUs": 1}, "1678260247.000366": {"GPUs": 1, "CPUs": 1}, "1678260267.500887": {"GPUs": 1, "CPUs": 1}, "1678260324.500345": {"GPUs": 1, "CPUs": 1}, "1678260325.000341": {"GPUs": 1, "CPUs": 1}, "1678260330.50036": {"GPUs": 1, "CPUs": 1}, "1678260331.000379": {"GPUs": 1, "CPUs": 1}, "1678260331.500335": {"GPUs": 1, "CPUs": 1}, "1678260332.000423": {"GPUs": 1, "CPUs": 1}, "1678260333.500359": {"GPUs": 1, "CPUs": 1}, "1678260334.000381": {"GPUs": 1, "CPUs": 1}, "1678260335.500385": {"GPUs": 1, "CPUs": 1}, "1678260336.000375": {"GPUs": 1, "CPUs": 1}, "1678260337.000353": {"GPUs": 1, "CPUs": 1}, "1678260338.500339": {"GPUs": 1, "CPUs": 1}, "1678260351.001143": {"GPUs": 1, "CPUs": 1}, "1678260356.000462": {"GPUs": 1, "CPUs": 4}, "1678260357.000636": {"GPUs": 1, "CPUs": 2}, "1678260358.000353": {"GPUs": 1, "CPUs": 1}, "1678260359.000347": {"GPUs": 1, "CPUs": 1}, "1678260360.500614": {"GPUs": 1, "CPUs": 1}, "1678260363.50035": {"GPUs": 1, "CPUs": 1}, "1678260364.000353": {"GPUs": 1, "CPUs": 1}, "1678260371.000347": {"GPUs": 1, "CPUs": 1}, "1678260371.500349": {"GPUs": 1, "CPUs": 1}, "1678260377.000365": {"GPUs": 1, "CPUs": 1}, "1678260381.500904": {"GPUs": 1, "CPUs": 1}, "1678260382.002702": {"GPUs": 1, "CPUs": 1}, "1678260383.500363": {"GPUs": 1, "CPUs": 1}, "1678260384.00034": {"GPUs": 1, "CPUs": 1}, "1678260389.000365": {"GPUs": 1, "CPUs": 1}, "1678260389.500378": {"GPUs": 1, "CPUs": 1}, "1678260392.500352": {"GPUs": 1, "CPUs": 1}, "1678260393.000355": {"GPUs": 1, "CPUs": 1}, "1678260393.50035": {"GPUs": 1, "CPUs": 1}, "1678260395.500599": {"GPUs": 1, "CPUs": 1}, "1678260396.000356": {"GPUs": 1, "CPUs": 1}, "1678260396.500397": {"GPUs": 1, "CPUs": 1}, "1678260400.000384": {"GPUs": 1, "CPUs": 1}, "1678260403.00035": {"GPUs": 1, "CPUs": 1}, "1678260403.500364": {"GPUs": 1, "CPUs": 2}, "1678260404.000598": {"GPUs": 1, "CPUs": 1}, "1678260405.50036": {"GPUs": 1, "CPUs": 1}, "1678260408.50036": {"GPUs": 1, "CPUs": 1}, "1678260409.000369": {"GPUs": 1, "CPUs": 1}}}, "Datapoints": 487, "RuleParameters": "threshold:50\ncpu_threshold:90\ngpu_threshold:10\npatience:1000"}