{"RuleTriggered": 0, "Violations": 83, "Details": {"low_gpu_utilization": 593, "bottlenecks": {"1677765642.00083": {"GPUs": 1, "CPUs": 1}, "1677765643.000344": {"GPUs": 1, "CPUs": 1}, "1677765644.000375": {"GPUs": 1, "CPUs": 1}, "1677765644.500673": {"GPUs": 1, "CPUs": 1}, "1677765645.000281": {"GPUs": 1, "CPUs": 2}, "1677765645.500381": {"GPUs": 1, "CPUs": 4}, "1677765646.000312": {"GPUs": 1, "CPUs": 3}, "1677765646.500311": {"GPUs": 1, "CPUs": 2}, "1677765647.000382": {"GPUs": 1, "CPUs": 4}, "1677765647.500267": {"GPUs": 1, "CPUs": 3}, "1677765648.000338": {"GPUs": 1, "CPUs": 1}, "1677765648.504405": {"GPUs": 1, "CPUs": 4}, "1677765649.0029": {"GPUs": 1, "CPUs": 4}, "1677765649.50105": {"GPUs": 1, "CPUs": 3}, "1677765650.000359": {"GPUs": 1, "CPUs": 4}, "1677765650.501729": {"GPUs": 1, "CPUs": 3}, "1677765652.000543": {"GPUs": 1, "CPUs": 1}, "1677765652.500314": {"GPUs": 1, "CPUs": 2}, "1677765654.50421": {"GPUs": 1, "CPUs": 2}, "1677765655.000722": {"GPUs": 1, "CPUs": 1}, "1677765656.00084": {"GPUs": 1, "CPUs": 1}, "1677765663.001065": {"GPUs": 1, "CPUs": 1}, "1677765663.504384": {"GPUs": 1, "CPUs": 4}, "1677765664.002089": {"GPUs": 1, "CPUs": 1}, "1677765672.500331": {"GPUs": 1, "CPUs": 1}, "1677765684.500349": {"GPUs": 1, "CPUs": 1}, "1677765767.500276": {"GPUs": 1, "CPUs": 1}, "1677765773.500306": {"GPUs": 1, "CPUs": 1}, "1677765774.000344": {"GPUs": 1, "CPUs": 1}, "1677765775.00033": {"GPUs": 1, "CPUs": 1}, "1677765779.500262": {"GPUs": 1, "CPUs": 1}, "1677765782.501121": {"GPUs": 1, "CPUs": 1}, "1677765783.000281": {"GPUs": 1, "CPUs": 3}, "1677765787.000422": {"GPUs": 1, "CPUs": 1}, "1677765789.500337": {"GPUs": 1, "CPUs": 1}, "1677765790.500285": {"GPUs": 1, "CPUs": 1}, "1677765793.000312": {"GPUs": 1, "CPUs": 1}, "1677765799.000352": {"GPUs": 1, "CPUs": 1}, "1677765802.000279": {"GPUs": 1, "CPUs": 1}, "1677765807.500287": {"GPUs": 1, "CPUs": 1}, "1677765809.500277": {"GPUs": 1, "CPUs": 1}, "1677765842.501043": {"GPUs": 1, "CPUs": 1}, "1677765843.000285": {"GPUs": 1, "CPUs": 1}, "1677765843.500271": {"GPUs": 1, "CPUs": 1}, "1677765877.001091": {"GPUs": 1, "CPUs": 1}, "1677765878.501298": {"GPUs": 1, "CPUs": 2}, "1677765879.500286": {"GPUs": 1, "CPUs": 1}, "1677765881.000644": {"GPUs": 1, "CPUs": 1}, "1677765881.500337": {"GPUs": 1, "CPUs": 1}, "1677765882.000347": {"GPUs": 1, "CPUs": 1}, "1677765882.500288": {"GPUs": 1, "CPUs": 1}, "1677765883.000283": {"GPUs": 1, "CPUs": 1}, "1677765883.500285": {"GPUs": 1, "CPUs": 1}, "1677765884.001015": {"GPUs": 1, "CPUs": 2}, "1677765884.500282": {"GPUs": 1, "CPUs": 2}, "1677765885.000283": {"GPUs": 1, "CPUs": 2}, "1677765886.001088": {"GPUs": 1, "CPUs": 1}, "1677765901.000395": {"GPUs": 1, "CPUs": 1}, "1677765902.500418": {"GPUs": 1, "CPUs": 1}, "1677765903.000342": {"GPUs": 1, "CPUs": 1}, "1677765903.500457": {"GPUs": 1, "CPUs": 1}, "1677765905.000281": {"GPUs": 1, "CPUs": 1}, "1677765905.500367": {"GPUs": 1, "CPUs": 1}, "1677765907.500285": {"GPUs": 1, "CPUs": 1}, "1677765915.500322": {"GPUs": 1, "CPUs": 1}, "1677765923.000356": {"GPUs": 1, "CPUs": 1}, "1677765926.000382": {"GPUs": 1, "CPUs": 3}, "1677765926.50035": {"GPUs": 1, "CPUs": 2}, "1677765927.509315": {"GPUs": 1, "CPUs": 3}, "1677765928.0008": {"GPUs": 1, "CPUs": 3}, "1677765929.500397": {"GPUs": 1, "CPUs": 1}, "1677765930.000312": {"GPUs": 1, "CPUs": 1}, "1677765932.500318": {"GPUs": 1, "CPUs": 1}, "1677765933.500284": {"GPUs": 1, "CPUs": 1}, "1677765934.00038": {"GPUs": 1, "CPUs": 1}, "1677765936.500315": {"GPUs": 1, "CPUs": 1}, "1677765939.500282": {"GPUs": 1, "CPUs": 1}, "1677765940.50037": {"GPUs": 1, "CPUs": 1}, "1677765941.500364": {"GPUs": 1, "CPUs": 1}, "1677765946.500319": {"GPUs": 1, "CPUs": 1}, "1677765947.504395": {"GPUs": 1, "CPUs": 1}, "1677765955.000331": {"GPUs": 1, "CPUs": 1}, "1677765958.000313": {"GPUs": 1, "CPUs": 1}}}, "Datapoints": 639, "RuleParameters": "threshold:50\ncpu_threshold:90\ngpu_threshold:10\npatience:1000"}