{"RuleTriggered": 0, "Violations": 0, "Details": {"pin_memory": false, "num_workers": 0, "cores": 4, "dataloaders": 1, "dataloading_time": {"p25": 0.421768, "p50": 0.421768, "p95": 0.421768, "probs": [0, 0, 0, 0, 0, 0, 0, 0, 0, 0, 0, 0, 0, 0, 0, 0, 0, 0, 0, 0, 0, 0, 0, 0, 0, 0, 0, 0, 0, 0, 0, 0, 0, 0, 0, 0, 0, 0, 0, 0, 0, 0, 0, 0, 0, 0, 0, 0, 0, 0, 1, 0, 0, 0, 0, 0, 0, 0, 0, 0, 0, 0, 0, 0, 0, 0, 0, 0, 0, 0, 0, 0, 0, 0, 0, 0, 0, 0, 0, 0, 0, 0, 0, 0, 0, 0, 0, 0, 0, 0, 0, 0, 0, 0, 0, 0, 0, 0, 0, 0], "binedges": [-0.07823200000000002, -0.06823200000000003, -0.05823200000000002, -0.048232000000000025, -0.03823200000000002, -0.02823200000000002, -0.018232000000000026, -0.008232000000000017, 0.001767999999999978, 0.011767999999999973, 0.021767999999999982, 0.03176799999999998, 0.04176799999999997, 0.05176799999999998, 0.06176799999999999, 0.07176799999999997, 0.08176799999999998, 0.09176799999999999, 0.10176799999999997, 0.11176799999999998, 0.12176799999999999, 0.13176799999999997, 0.14176799999999998, 0.151768, 0.16176799999999997, 0.17176799999999998, 0.18176799999999999, 0.191768, 0.201768, 0.21176799999999996, 0.22176799999999997, 0.23176799999999997, 0.24176799999999998, 0.251768, 0.261768, 0.271768, 0.28176799999999996, 0.29176799999999997, 0.301768, 0.311768, 0.321768, 0.331768, 0.34176799999999996, 0.35176799999999997, 0.361768, 0.371768, 0.381768, 0.391768, 0.40176799999999996, 0.41176799999999997, 0.421768, 0.431768, 0.441768, 0.451768, 0.461768, 0.471768, 0.48176800000000003, 0.49176800000000004, 0.501768, 0.511768, 0.521768, 0.531768, 0.541768, 0.551768, 0.561768, 0.571768, 0.5817680000000001, 0.5917680000000001, 0.6017680000000001, 0.6117680000000001, 0.6217680000000001, 0.6317679999999999, 0.6417679999999999, 0.6517679999999999, 0.6617679999999999, 0.6717679999999999, 0.6817679999999999, 0.6917679999999999, 0.701768, 0.711768, 0.721768, 0.731768, 0.741768, 0.751768, 0.761768, 0.771768, 0.781768, 0.791768, 0.801768, 0.811768, 0.821768, 0.8317680000000001, 0.8417680000000001, 0.8517680000000001, 0.8617680000000001, 0.8717680000000001, 0.8817679999999999, 0.8917679999999999, 0.9017679999999999, 0.9117679999999999, 0.9217679999999999]}}, "Datapoints": 1, "RuleParameters": "min_threshold:70\nmax_threshold:200"}