{"RuleTriggered": 0, "Violations": 0, "Details": {"pin_memory": false, "num_workers": 0, "cores": 4, "dataloaders": 1, "dataloading_time": {"p25": 0.346495, "p50": 0.346495, "p95": 0.346495, "probs": [0, 0, 0, 0, 0, 0, 0, 0, 0, 0, 0, 0, 0, 0, 0, 0, 0, 0, 0, 0, 0, 0, 0, 0, 0, 0, 0, 0, 0, 0, 0, 0, 0, 0, 0, 0, 0, 0, 0, 0, 0, 0, 0, 0, 0, 0, 0, 0, 0, 0, 1, 0, 0, 0, 0, 0, 0, 0, 0, 0, 0, 0, 0, 0, 0, 0, 0, 0, 0, 0, 0, 0, 0, 0, 0, 0, 0, 0, 0, 0, 0, 0, 0, 0, 0, 0, 0, 0, 0, 0, 0, 0, 0, 0, 0, 0, 0, 0, 0, 0], "binedges": [-0.153505, -0.143505, -0.133505, -0.123505, -0.113505, -0.103505, -0.093505, -0.083505, -0.073505, -0.063505, -0.053505, -0.043505, -0.03350500000000001, -0.023504999999999998, -0.01350499999999999, -0.003505000000000008, 0.006495000000000001, 0.01649500000000001, 0.02649499999999999, 0.036495, 0.04649500000000001, 0.05649499999999999, 0.066495, 0.07649500000000001, 0.08649499999999999, 0.096495, 0.106495, 0.11649500000000002, 0.12649500000000002, 0.13649499999999998, 0.146495, 0.156495, 0.166495, 0.176495, 0.18649500000000002, 0.19649500000000003, 0.20649499999999998, 0.216495, 0.226495, 0.236495, 0.24649500000000002, 0.25649500000000003, 0.266495, 0.276495, 0.286495, 0.296495, 0.306495, 0.316495, 0.326495, 0.336495, 0.346495, 0.356495, 0.366495, 0.376495, 0.38649500000000003, 0.39649500000000004, 0.40649500000000005, 0.41649500000000006, 0.42649499999999996, 0.43649499999999997, 0.446495, 0.456495, 0.466495, 0.476495, 0.486495, 0.496495, 0.506495, 0.516495, 0.526495, 0.536495, 0.5464950000000001, 0.556495, 0.566495, 0.576495, 0.586495, 0.596495, 0.606495, 0.616495, 0.626495, 0.636495, 0.646495, 0.656495, 0.6664950000000001, 0.6764950000000001, 0.686495, 0.696495, 0.706495, 0.716495, 0.726495, 0.736495, 0.746495, 0.756495, 0.766495, 0.776495, 0.786495, 0.7964950000000001, 0.806495, 0.816495, 0.826495, 0.836495, 0.846495]}}, "Datapoints": 1, "RuleParameters": "min_threshold:70\nmax_threshold:200"}