{"RuleTriggered": 0, "Violations": 0, "Details": {"pin_memory": false, "num_workers": 0, "cores": 4, "dataloaders": 1, "dataloading_time": {"p25": 0.592881, "p50": 0.592881, "p95": 0.592881, "probs": [0, 0, 0, 0, 0, 0, 0, 0, 0, 0, 0, 0, 0, 0, 0, 0, 0, 0, 0, 0, 0, 0, 0, 0, 0, 0, 0, 0, 0, 0, 0, 0, 0, 0, 0, 0, 0, 0, 0, 0, 0, 0, 0, 0, 0, 0, 0, 0, 0, 0, 1, 0, 0, 0, 0, 0, 0, 0, 0, 0, 0, 0, 0, 0, 0, 0, 0, 0, 0, 0, 0, 0, 0, 0, 0, 0, 0, 0, 0, 0, 0, 0, 0, 0, 0, 0, 0, 0, 0, 0, 0, 0, 0, 0, 0, 0, 0, 0, 0, 0], "binedges": [0.09288099999999999, 0.10288099999999999, 0.112881, 0.12288099999999999, 0.132881, 0.14288099999999998, 0.152881, 0.162881, 0.172881, 0.182881, 0.192881, 0.20288099999999998, 0.212881, 0.222881, 0.232881, 0.24288099999999999, 0.252881, 0.26288100000000003, 0.272881, 0.282881, 0.292881, 0.30288099999999996, 0.31288099999999996, 0.322881, 0.332881, 0.342881, 0.352881, 0.362881, 0.372881, 0.38288099999999997, 0.392881, 0.402881, 0.412881, 0.422881, 0.432881, 0.442881, 0.452881, 0.462881, 0.472881, 0.482881, 0.492881, 0.502881, 0.5128809999999999, 0.5228809999999999, 0.5328809999999999, 0.542881, 0.552881, 0.562881, 0.572881, 0.582881, 0.592881, 0.602881, 0.612881, 0.622881, 0.632881, 0.642881, 0.652881, 0.662881, 0.672881, 0.682881, 0.692881, 0.702881, 0.712881, 0.722881, 0.732881, 0.742881, 0.752881, 0.762881, 0.772881, 0.782881, 0.7928810000000001, 0.802881, 0.812881, 0.822881, 0.832881, 0.842881, 0.852881, 0.862881, 0.872881, 0.882881, 0.892881, 0.902881, 0.912881, 0.9228810000000001, 0.932881, 0.942881, 0.952881, 0.962881, 0.972881, 0.982881, 0.992881, 1.002881, 1.0128810000000001, 1.022881, 1.0328810000000002, 1.042881, 1.052881, 1.062881, 1.072881, 1.082881, 1.092881]}}, "Datapoints": 1, "RuleParameters": "min_threshold:70\nmax_threshold:200"}