{"RuleTriggered": 0, "Violations": 16, "Details": {"low_gpu_utilization": 418, "bottlenecks": {"1678260295.500355": {"GPUs": 1, "CPUs": 1}, "1678260319.00035": {"GPUs": 1, "CPUs": 1}, "1678260322.000347": {"GPUs": 1, "CPUs": 1}, "1678260322.500349": {"GPUs": 1, "CPUs": 1}, "1678260323.500363": {"GPUs": 1, "CPUs": 1}, "1678260324.500345": {"GPUs": 1, "CPUs": 1}, "1678260325.000341": {"GPUs": 1, "CPUs": 1}, "1678260325.500367": {"GPUs": 1, "CPUs": 1}, "1678260327.500365": {"GPUs": 1, "CPUs": 1}, "1678260337.000353": {"GPUs": 1, "CPUs": 1}, "1678260337.500378": {"GPUs": 1, "CPUs": 1}, "1678260338.500339": {"GPUs": 1, "CPUs": 1}, "1678260339.000347": {"GPUs": 1, "CPUs": 1}, "1678260340.500377": {"GPUs": 1, "CPUs": 1}, "1678260341.500351": {"GPUs": 1, "CPUs": 1}, "1678260348.500361": {"GPUs": 1, "CPUs": 1}}}, "Datapoints": 487, "RuleParameters": "threshold:50\nio_threshold:50\ngpu_threshold:10\npatience:1000"}