{"RuleTriggered": 0, "Violations": 13, "Details": {"low_gpu_utilization": 620, "bottlenecks": {"1677813562.002347": {"GPUs": 1, "CPUs": 1}, "1677813660.000241": {"GPUs": 1, "CPUs": 1}, "1677813812.500256": {"GPUs": 1, "CPUs": 1}, "1677813814.500254": {"GPUs": 1, "CPUs": 1}, "1677813815.50026": {"GPUs": 1, "CPUs": 1}, "1677813816.000277": {"GPUs": 1, "CPUs": 1}, "1677813817.500257": {"GPUs": 1, "CPUs": 1}, "1677813818.00026": {"GPUs": 1, "CPUs": 1}, "1677813818.500283": {"GPUs": 1, "CPUs": 1}, "1677813825.000266": {"GPUs": 1, "CPUs": 1}, "1677813831.000245": {"GPUs": 1, "CPUs": 1}, "1677813832.500261": {"GPUs": 1, "CPUs": 1}, "1677813839.000246": {"GPUs": 1, "CPUs": 1}}}, "Datapoints": 682, "RuleParameters": "threshold:50\nio_threshold:50\ngpu_threshold:10\npatience:1000"}