{"RuleTriggered": 0, "Violations": 14, "Details": {"low_gpu_utilization": 593, "bottlenecks": {"1677765734.000337": {"GPUs": 1, "CPUs": 1}, "1677765738.000279": {"GPUs": 1, "CPUs": 1}, "1677765738.500316": {"GPUs": 1, "CPUs": 1}, "1677765814.000274": {"GPUs": 1, "CPUs": 1}, "1677765861.000291": {"GPUs": 1, "CPUs": 1}, "1677765890.500347": {"GPUs": 1, "CPUs": 1}, "1677765894.500276": {"GPUs": 1, "CPUs": 1}, "1677765896.50032": {"GPUs": 1, "CPUs": 1}, "1677765898.500331": {"GPUs": 1, "CPUs": 1}, "1677765899.000287": {"GPUs": 1, "CPUs": 1}, "1677765906.500323": {"GPUs": 1, "CPUs": 1}, "1677765912.500352": {"GPUs": 1, "CPUs": 1}, "1677765914.00033": {"GPUs": 1, "CPUs": 1}, "1677765915.500322": {"GPUs": 1, "CPUs": 1}}}, "Datapoints": 639, "RuleParameters": "threshold:50\nio_threshold:50\ngpu_threshold:10\npatience:1000"}