{"RuleTriggered": 0, "Violations": 0, "Details": {"step_num": {"first": 1678260335977288, "last": 1678260412030746}, "job_start": 1678260177.000344, "job_end": 1678260419.501015}, "Datapoints": 123, "RuleParameters": "threshold:20"}