{"RuleTriggered": 0, "Violations": 0, "Details": {"step_num": {"first": 1677813826533784, "last": 1677813899887159}, "job_start": 1677813560.00018, "job_end": 1677813899.500548}, "Datapoints": 117, "RuleParameters": "threshold:20"}