{"RuleTriggered": 0, "Violations": 0, "Details": {"ratio": {"gpu_functions-dev:0": 50.12631100676826, "cpu_functions": 49.87368899323174}, "phase": {"Step:ModeKeys.TRAIN": 33.69480820681524, "others": 56.294181417880736, "Step:ModeKeys.EVAL": 10.011010375304014}, "phase_time": {}, "CPU": {"aten::conv2d": 23.308192864978494, "aten::convolution": 23.293524342098753, "aten::_convolution": 23.291187480646506, "aten::cudnn_convolution": 23.288403567438177, "aten::linear": 3.409411188422358, "aten::addmm": 3.4092805564157107}, "CPU_total": {"aten::conv2d": 8029186, "aten::convolution": 8024133, "aten::_convolution": 8023328, "aten::cudnn_convolution": 8022369, "aten::linear": 1174471, "aten::addmm": 1174426}, "GPU": {"aten::conv2d": 23.313995040194126, "aten::convolution": 23.300677487159238, "aten::_convolution": 23.299345153836953, "aten::cudnn_convolution": 23.29724405551743, "aten::linear": 3.3944327137135626, "aten::addmm": 3.39430554957868}, "GPU_total": {"aten::conv2d": 8066864, "aten::convolution": 8062256, "aten::_convolution": 8061795, "aten::cudnn_convolution": 8061068, "aten::linear": 1174506, "aten::addmm": 1174462}, "general": {"DataLoaderIterInitialize": 0.005543817489508594, "DataLoaderIter": 2.764360014295496, "Forward": 97.230096168215}}, "Datapoints": 0, "RuleParameters": ""}