{"RuleTriggered": 0, "Violations": 0, "Details": {"ratio": {"gpu_functions-dev:0": 50.122315324928024, "cpu_functions": 49.87768467507197}, "phase": {"Step:ModeKeys.TRAIN": 44.33956349939555, "others": 44.74270049234512, "Step:ModeKeys.EVAL": 10.917736008259329}, "phase_time": {}, "CPU": {"aten::conv2d": 23.375940516476064, "aten::convolution": 23.36681579871143, "aten::_convolution": 23.358498968063753, "aten::cudnn_convolution": 23.355387868220628, "aten::linear": 3.271737179690752, "aten::addmm": 3.2716196688373764}, "CPU_total": {"aten::conv2d": 7957032, "aten::convolution": 7953926, "aten::_convolution": 7951095, "aten::cudnn_convolution": 7950036, "aten::linear": 1113680, "aten::addmm": 1113640}, "GPU": {"aten::conv2d": 23.38132117147858, "aten::convolution": 23.373596780780474, "aten::_convolution": 23.366442725631835, "aten::cudnn_convolution": 23.36405901551485, "aten::linear": 3.257347186852075, "aten::addmm": 3.2572331197421818}, "GPU_total": {"aten::conv2d": 7994167, "aten::convolution": 7991526, "aten::_convolution": 7989080, "aten::cudnn_convolution": 7988265, "aten::linear": 1113700, "aten::addmm": 1113661}, "general": {"DataLoaderIterInitialize": 0.0053274111966889835, "DataLoaderIter": 1.7546780823163017, "Forward": 98.23999450648701}}, "Datapoints": 0, "RuleParameters": ""}