{"RuleTriggered": 0, "Violations": 0, "Details": {"ratio": {"gpu_functions-dev:0": 50.13126322577691, "cpu_functions": 49.86873677422309}, "phase": {"Step:ModeKeys.TRAIN": 35.894034653807246, "others": 54.34819221851107, "Step:ModeKeys.EVAL": 9.757773127681686}, "phase_time": {}, "CPU": {"aten::conv2d": 22.3464285311658, "aten::convolution": 22.337730967385543, "aten::_convolution": 22.335386063605515, "aten::cudnn_convolution": 22.332457752274443, "aten::to": 2.126300688815485, "aten::copy_": 2.127580239676223, "aten::linear": 3.197160749918267, "aten::addmm": 3.1969550071587203}, "CPU_total": {"aten::conv2d": 7928781, "aten::convolution": 7925695, "aten::_convolution": 7924863, "aten::cudnn_convolution": 7923824, "aten::to": 754437, "aten::copy_": 754891, "aten::linear": 1134391, "aten::addmm": 1134318}, "GPU": {"aten::conv2d": 22.37416045271825, "aten::convolution": 22.366838305072527, "aten::_convolution": 22.365495770905028, "aten::cudnn_convolution": 22.36331625936952, "aten::to": 2.077717673939907, "aten::copy_": 2.080192093608448, "aten::linear": 3.186235216255292, "aten::addmm": 3.1860442281310455}, "GPU_total": {"aten::conv2d": 7966165, "aten::convolution": 7963558, "aten::_convolution": 7963080, "aten::cudnn_convolution": 7962304, "aten::to": 739757, "aten::copy_": 740638, "aten::linear": 1134437, "aten::addmm": 1134369}, "general": {"DataLoaderIterInitialize": 0.004393440382550337, "DataLoaderIter": 1.9342511098825579, "Forward": 98.06135544973489}}, "Datapoints": 0, "RuleParameters": ""}